x_min,y_min,side,depth
-0.01,-0.01,0.3333333333333333,1
-0.01,0.3233333333333333,0.3333333333333333,1
-0.01,0.6566666666666666,0.3333333333333333,1
0.3233333333333333,-0.01,0.3333333333333333,1
0.3233333333333333,0.3233333333333333,0.3333333333333333,1
0.3233333333333333,0.6566666666666666,0.3333333333333333,1
0.6566666666666666,-0.01,0.3333333333333333,1
0.6566666666666666,0.3233333333333333,0.3333333333333333,1
0.6566666666666666,0.6566666666666666,0.3333333333333333,1
